,AUC,bAcc,NLL,ECE,Pd10,EER
BFREE_dino2reg4,1.0,1.0,0.011808631168055741,0.011718220922068524,1.0,0.0
