filename,BFREE_dino2reg4
img0000.png,-5.9374785
img0001.png,-4.441922
img0002.png,4.430519
img0003.png,3.8499813